algorithm,cache_capacity_objects,object_miss_ratio
Clock,1,0.9705
Clock,5,0.8657
Clock,10,0.7738
Clock,20,0.6689
Clock,50,0.5248
Clock,100,0.4111
Clock,200,0.293
Clock,400,0.1695
FIFO,1,0.9705
FIFO,5,0.8858
FIFO,10,0.8177
FIFO,20,0.7312
FIFO,50,0.5954
FIFO,100,0.4802
FIFO,200,0.3544
FIFO,400,0.2164
LRU,1,0.9705
LRU,5,0.8743
LRU,10,0.7894
LRU,20,0.6859
LRU,50,0.54
LRU,100,0.4247
LRU,200,0.3033
LRU,400,0.1759
Sieve,1,0.9705
Sieve,5,0.7642
Sieve,10,0.6567
Sieve,20,0.5552
Sieve,50,0.425
Sieve,100,0.3288
Sieve,200,0.233
Sieve,400,0.1387
