workload,mode,warmup,capacity_fraction,capacity,sieve_object_miss_ratio,lru_object_miss_ratio,relative_object_miss_reduction_vs_lru,absolute_object_miss_reduction,sieve_byte_miss_ratio,lru_byte_miss_ratio
wiki-CDN-window1,objects,cold,0.001,519,0.94674625,0.96401875,0.01791718262741261,0.017272500000000024,0.94674625,0.96401875
wiki-CDN-window1,objects,cold,0.005,2597,0.900235,0.930985,0.03302953323630343,0.030749999999999944,0.900235,0.930985
wiki-CDN-window1,objects,cold,0.01,5194,0.86952125,0.9034275,0.037530681764723815,0.03390625000000003,0.86952125,0.9034275
wiki-CDN-window1,objects,cold,0.02,10389,0.8300525,0.86533375,0.040771840922649835,0.03528125000000004,0.8300525,0.86533375
wiki-CDN-window1,objects,cold,0.05,25973,0.76243625,0.79737125,0.043812715845975056,0.03493499999999994,0.76243625,0.79737125
wiki-CDN-window1,objects,cold,0.1,51946,0.69635875,0.7324625,0.04929091933034113,0.03610374999999999,0.69635875,0.7324625
wiki-CDN-window1,objects,cold,0.2,103893,0.62956625,0.65475,0.0384631538755251,0.02518375000000006,0.62956625,0.65475
wiki-CDN-window1,objects,cold,0.4,207786,0.575875,0.583355,0.012822380882995657,0.007479999999999931,0.575875,0.583355
wiki-CDN-window1,objects,warm10,0.001,519,0.94498125,0.964015,0.019744246718152687,0.01903374999999996,0.94498125,0.964015
wiki-CDN-window1,objects,warm10,0.005,2597,0.89655125,0.93092,0.03691912301808958,0.03436874999999995,0.89655125,0.93092
wiki-CDN-window1,objects,warm10,0.01,5194,0.8656075,0.903255,0.04167981356316882,0.037647500000000056,0.8656075,0.903255
wiki-CDN-window1,objects,warm10,0.02,10389,0.82606375,0.86475,0.04473691818444641,0.03868625000000003,0.82606375,0.86475
wiki-CDN-window1,objects,warm10,0.05,25973,0.75307125,0.795135,0.05290139410288827,0.042063750000000066,0.75307125,0.795135
wiki-CDN-window1,objects,warm10,0.1,51946,0.684985,0.72648875,0.057129239785199785,0.04150375000000006,0.684985,0.72648875
wiki-CDN-window1,objects,warm10,0.2,103893,0.60781,0.6392675,0.04920866460441056,0.03145750000000003,0.60781,0.6392675
wiki-CDN-window1,objects,warm10,0.4,207786,0.54437375,0.55553125,0.02008437869156783,0.011157500000000042,0.54437375,0.55553125
wiki-CDN-window1,objects,warm20,0.001,519,0.9439875,0.964015,0.020775091673884718,0.020027499999999976,0.9439875,0.964015
wiki-CDN-window1,objects,warm20,0.005,2597,0.8944725,0.93092,0.03915212907661235,0.036447499999999966,0.8944725,0.93092
wiki-CDN-window1,objects,warm20,0.01,5194,0.8630025,0.903255,0.044563827490575775,0.040252500000000024,0.8630025,0.903255
wiki-CDN-window1,objects,warm20,0.02,10389,0.82260125,0.86475,0.04874096559699343,0.04214875000000007,0.82260125,0.86475
wiki-CDN-window1,objects,warm20,0.05,25973,0.75123875,0.795135,0.055206034195451184,0.04389625000000008,0.75123875,0.795135
wiki-CDN-window1,objects,warm20,0.1,51946,0.6825625,0.72648875,0.060463771806514625,0.043926250000000056,0.6825625,0.72648875
wiki-CDN-window1,objects,warm20,0.2,103893,0.6004125,0.63826875,0.05931083105666701,0.037856250000000036,0.6004125,0.63826875
wiki-CDN-window1,objects,warm20,0.4,207786,0.52858,0.54394625,0.028249574291577366,0.015366249999999915,0.52858,0.54394625
wiki-CDN-window1,bytes,cold,0.001,13749054,0.9504725,0.96715,0.017243964224784056,0.0166774999999999,0.943442945,0.9686589281
wiki-CDN-window1,bytes,cold,0.005,68745274,0.91310875,0.9387225,0.02728575271179714,0.02561374999999999,0.8874315549,0.929637927
wiki-CDN-window1,bytes,cold,0.01,137490548,0.8874925,0.9148375,0.02989055433341982,0.027344999999999953,0.8475088701,0.8969230649
wiki-CDN-window1,bytes,cold,0.02,274981097,0.85280625,0.87999125,0.03089235262282439,0.027185000000000015,0.7963077433,0.8487727023
wiki-CDN-window1,bytes,cold,0.05,687452743,0.7885725,0.81564375,0.03319004160823888,0.02707124999999999,0.7059353618,0.7590548893
wiki-CDN-window1,bytes,cold,0.1,1374905486,0.72433375,0.75140625,0.0360291120815139,0.027072500000000055,0.6242059642,0.6710627205
wiki-CDN-window1,bytes,cold,0.2,2749810972,0.64983,0.6714525,0.03220257575926814,0.02162249999999999,0.5361633846,0.5696030965
wiki-CDN-window1,bytes,cold,0.4,5499621945,0.58316375,0.591955,0.014851213352366359,0.008791250000000028,0.4664079194,0.4772514801
wiki-CDN-window1,bytes,warm10,0.001,13749054,0.9499075,0.9671475,0.017825616051326227,0.017240000000000033,0.9415453882,0.96865566
wiki-CDN-window1,bytes,warm10,0.005,68745274,0.9106775,0.93867125,0.0298227414550088,0.02799374999999993,0.8835785991,0.9295799713
wiki-CDN-window1,bytes,warm10,0.01,137490548,0.88517375,0.91472,0.032300868025188036,0.029546249999999996,0.8432105459,0.8967782997
wiki-CDN-window1,bytes,warm10,0.02,274981097,0.850825,0.87957375,0.032684865822791995,0.02874874999999999,0.7895037748,0.8482209032
wiki-CDN-window1,bytes,warm10,0.05,687452743,0.7837475,0.813935,0.03708834243520665,0.030187499999999923,0.6966299687,0.7567940808
wiki-CDN-window1,bytes,warm10,0.1,1374905486,0.7159925,0.74672875,0.04116119809234614,0.03073625000000002,0.6103420611,0.6646763002
wiki-CDN-window1,bytes,warm10,0.2,2749810972,0.63079875,0.65864875,0.042283538836139965,0.02785000000000004,0.5108826584,0.5529801756
wiki-CDN-window1,bytes,warm10,0.4,5499621945,0.55359625,0.56598125,0.02188235034287793,0.01238499999999998,0.4304682572,0.4456976156
wiki-CDN-window1,bytes,warm20,0.001,13749054,0.94931125,0.9671475,0.01844211973871617,0.017836249999999998,0.9420310672,0.96865566
wiki-CDN-window1,bytes,warm20,0.005,68745274,0.9086,0.93867125,0.032035976386834045,0.030071249999999994,0.8784486551,0.9295799713
wiki-CDN-window1,bytes,warm20,0.01,137490548,0.8835325,0.91472,0.03409513293685491,0.031187499999999924,0.8374810348,0.8967782997
wiki-CDN-window1,bytes,warm20,0.02,274981097,0.84878,0.87957375,0.035009855626091685,0.030793750000000064,0.7857856057,0.8482209032
wiki-CDN-window1,bytes,warm20,0.05,687452743,0.7812475,0.813935,0.04015984077352612,0.03268749999999998,0.6913724448,0.7567940808
wiki-CDN-window1,bytes,warm20,0.1,1374905486,0.71278375,0.74672875,0.0454582738377222,0.033945,0.6046572479,0.6646763002
wiki-CDN-window1,bytes,warm20,0.2,2749810972,0.62573125,0.65828875,0.04945777973571631,0.03255750000000002,0.5033566017,0.5525616335
wiki-CDN-window1,bytes,warm20,0.4,5499621945,0.53955125,0.5561,0.029758586585146556,0.01654875,0.4139300419,0.4343526623
wiki-CDN-window2,objects,cold,0.001,520,0.9479625,0.96697625,0.019663099274671886,0.01901374999999994,0.9479625,0.96697625
wiki-CDN-window2,objects,cold,0.005,2600,0.90041125,0.9334375,0.035381319049213295,0.033026250000000035,0.90041125,0.9334375
wiki-CDN-window2,objects,cold,0.01,5200,0.87100625,0.90623,0.038868443993246744,0.03522375,0.87100625,0.90623
wiki-CDN-window2,objects,cold,0.02,10401,0.8302025,0.868455,0.04404661151124701,0.03825250000000002,0.8302025,0.868455
wiki-CDN-window2,objects,cold,0.05,26003,0.7647,0.80095,0.04525875522816655,0.036250000000000004,0.7647,0.80095
wiki-CDN-window2,objects,cold,0.1,52006,0.69747125,0.735855,0.05216211074192612,0.03838375000000005,0.69747125,0.735855
wiki-CDN-window2,objects,cold,0.2,104013,0.6324475,0.6590075,0.040303031452600946,0.026559999999999917,0.6324475,0.6590075
wiki-CDN-window2,objects,cold,0.4,208026,0.58007375,0.58843125,0.014203018619422247,0.008357499999999907,0.58007375,0.58843125
wiki-CDN-window2,objects,warm10,0.001,520,0.94454,0.9669725,0.023198694895666595,0.022432499999999966,0.94454,0.9669725
wiki-CDN-window2,objects,warm10,0.005,2600,0.89788,0.93336375,0.03801706462244761,0.035483750000000036,0.89788,0.93336375
wiki-CDN-window2,objects,warm10,0.01,5200,0.86702375,0.90601375,0.04303466696835448,0.03898999999999997,0.86702375,0.90601375
wiki-CDN-window2,objects,warm10,0.02,10401,0.82564375,0.86780375,0.04858241278630102,0.042159999999999975,0.82564375,0.86780375
wiki-CDN-window2,objects,warm10,0.05,26003,0.755265,0.798545,0.05419857365583654,0.043279999999999985,0.755265,0.798545
wiki-CDN-window2,objects,warm10,0.1,52006,0.6847525,0.72949125,0.06132869996727178,0.04473875000000005,0.6847525,0.72949125
wiki-CDN-window2,objects,warm10,0.2,104013,0.6093475,0.6425425,0.05166195232221989,0.033194999999999975,0.6093475,0.6425425
wiki-CDN-window2,objects,warm10,0.4,208026,0.5474725,0.55954,0.02156682274725669,0.012067500000000009,0.5474725,0.55954
wiki-CDN-window2,objects,warm20,0.001,520,0.942735,0.9669725,0.025065345705281197,0.024237500000000023,0.942735,0.9669725
wiki-CDN-window2,objects,warm20,0.005,2600,0.895435,0.93336375,0.040636622110083086,0.03792875000000007,0.895435,0.93336375
wiki-CDN-window2,objects,warm20,0.01,5200,0.86373875,0.90601375,0.046660439756019106,0.04227499999999995,0.86373875,0.90601375
wiki-CDN-window2,objects,warm20,0.02,10401,0.82438375,0.86780375,0.0500343539653983,0.043420000000000014,0.82438375,0.86780375
wiki-CDN-window2,objects,warm20,0.05,26003,0.75021875,0.798545,0.060517879393146165,0.048326249999999904,0.75021875,0.798545
wiki-CDN-window2,objects,warm20,0.1,52006,0.6802275,0.72949125,0.06753165305272688,0.04926375000000005,0.6802275,0.72949125
wiki-CDN-window2,objects,warm20,0.2,104013,0.6009975,0.641455,0.06307145473961547,0.040457500000000035,0.6009975,0.641455
wiki-CDN-window2,objects,warm20,0.4,208026,0.530675,0.54731375,0.030400752767494026,0.016638750000000035,0.530675,0.54731375
wiki-CDN-window2,bytes,cold,0.001,13869733,0.950175,0.970085,0.020523974703247638,0.019909999999999983,0.9396759075,0.9699937563
wiki-CDN-window2,bytes,cold,0.005,69348666,0.9132375,0.9407375,0.029232384166677707,0.02749999999999997,0.8825237632,0.9298658204
wiki-CDN-window2,bytes,cold,0.01,138697332,0.88770875,0.91671,0.031636231741772186,0.02900124999999998,0.8437486672,0.8965673435
wiki-CDN-window2,bytes,cold,0.02,277394665,0.85267,0.88184,0.033078563004626596,0.029169999999999918,0.7921350292,0.8477191156
wiki-CDN-window2,bytes,cold,0.05,693486664,0.78809375,0.81764625,0.036143381077085576,0.02955249999999998,0.7043595501,0.7593608032
wiki-CDN-window2,bytes,cold,0.1,1386973329,0.7232625,0.75348625,0.0401118799447236,0.030223749999999994,0.6229219503,0.6728793631
wiki-CDN-window2,bytes,cold,0.2,2773946659,0.64851,0.6752675,0.03962503748514476,0.02675749999999999,0.5377028236,0.5750281548
wiki-CDN-window2,bytes,cold,0.4,5547893319,0.58699375,0.59673375,0.0163221872401217,0.009739999999999971,0.4731655741,0.4852669972
wiki-CDN-window2,bytes,warm10,0.001,13869733,0.95023375,0.9700825,0.02046088863576033,0.01984874999999997,0.9387132691,0.9699927087
wiki-CDN-window2,bytes,warm10,0.005,69348666,0.911285,0.94069125,0.03126025675268051,0.029406249999999967,0.8760340296,0.9297836376
wiki-CDN-window2,bytes,warm10,0.01,138697332,0.885505,0.91656375,0.03388607720957765,0.031058750000000024,0.8365585555,0.8963486471
wiki-CDN-window2,bytes,warm10,0.02,277394665,0.84940875,0.88139375,0.0362891159598079,0.03198499999999993,0.785529848,0.8470813816
wiki-CDN-window2,bytes,warm10,0.05,693486664,0.78261625,0.81589375,0.04078656075009762,0.03327749999999996,0.6942111171,0.7568452903
wiki-CDN-window2,bytes,warm10,0.1,1386973329,0.7147475,0.74853875,0.04514295352111036,0.03379125000000005,0.6088956413,0.666073382
wiki-CDN-window2,bytes,warm10,0.2,2773946659,0.62888,0.6609275,0.04848867689723912,0.03204750000000001,0.5115554488,0.5565361404
wiki-CDN-window2,bytes,warm10,0.4,5547893319,0.5555875,0.56919,0.023897995396967554,0.013602499999999962,0.4349300699,0.4517168567
wiki-CDN-window2,bytes,warm20,0.001,13869733,0.94895625,0.9700825,0.02177778694080144,0.021126250000000013,0.9370139875,0.9699927087
wiki-CDN-window2,bytes,warm20,0.005,69348666,0.91014625,0.94069125,0.03247080272087142,0.030544999999999933,0.8750156161,0.9297836376
wiki-CDN-window2,bytes,warm20,0.01,138697332,0.88321625,0.91656375,0.03638317574745889,0.033347499999999974,0.8344332979,0.8963486471
wiki-CDN-window2,bytes,warm20,0.02,277394665,0.848365,0.88139375,0.037473319954900906,0.03302874999999994,0.7810809829,0.8470813816
wiki-CDN-window2,bytes,warm20,0.05,693486664,0.78214,0.81589375,0.041370276460629865,0.03375375000000003,0.6908890102,0.7568452903
wiki-CDN-window2,bytes,warm20,0.1,1386973329,0.713475,0.74853875,0.04684293231312348,0.03506375000000006,0.605290768,0.666073382
wiki-CDN-window2,bytes,warm20,0.2,2773946659,0.62240625,0.66054,0.0577311744935961,0.038133749999999966,0.5021930243,0.5561123985
wiki-CDN-window2,bytes,warm20,0.4,5547893319,0.5402725,0.55840375,0.03246978552704908,0.018131249999999932,0.4174769082,0.4395714529
wiki-CDN-window3,objects,cold,0.001,520,0.93659125,0.95735625,0.021689940395751353,0.020765000000000033,0.93659125,0.95735625
wiki-CDN-window3,objects,cold,0.005,2603,0.887015,0.92137875,0.03729600883458624,0.034363750000000026,0.887015,0.92137875
wiki-CDN-window3,objects,cold,0.01,5206,0.85687375,0.8926625,0.040092140086538906,0.035788750000000036,0.85687375,0.8926625
wiki-CDN-window3,objects,cold,0.02,10412,0.815435,0.85360625,0.04471763181209133,0.03817124999999999,0.815435,0.85360625
wiki-CDN-window3,objects,cold,0.05,26030,0.74779625,0.7857925,0.048354050210456266,0.037996249999999954,0.74779625,0.7857925
wiki-CDN-window3,objects,cold,0.1,52060,0.684785,0.72145875,0.05083277456957873,0.03667375000000006,0.684785,0.72145875
wiki-CDN-window3,objects,cold,0.2,104120,0.62242625,0.647255,0.03836007446833175,0.024828750000000066,0.62242625,0.647255
wiki-CDN-window3,objects,cold,0.4,208240,0.57261375,0.57996375,0.012673205868470172,0.007349999999999968,0.57261375,0.57996375
wiki-CDN-window3,objects,warm10,0.001,520,0.93452375,0.95734625,0.023839337125935334,0.022822499999999968,0.93452375,0.95734625
wiki-CDN-window3,objects,warm10,0.005,2603,0.88347,0.921315,0.04107715602155616,0.03784500000000002,0.88347,0.921315
wiki-CDN-window3,objects,warm10,0.01,5206,0.851185,0.89248,0.046269944424525006,0.04129500000000008,0.851185,0.89248
wiki-CDN-window3,objects,warm10,0.02,10412,0.81106875,0.8530075,0.04916574590493052,0.041938750000000025,0.81106875,0.8530075
wiki-CDN-window3,objects,warm10,0.05,26030,0.740325,0.78355375,0.055170114366755355,0.04322875000000004,0.740325,0.78355375
wiki-CDN-window3,objects,warm10,0.1,52060,0.6725,0.71532125,0.05986296366842175,0.04282125000000003,0.6725,0.71532125
wiki-CDN-window3,objects,warm10,0.2,104120,0.60027,0.6316125,0.04962298877872121,0.03134250000000005,0.60027,0.6316125
wiki-CDN-window3,objects,warm10,0.4,208240,0.54160625,0.5524675,0.019659527483517212,0.010861250000000044,0.54160625,0.5524675
wiki-CDN-window3,objects,warm20,0.001,520,0.934245,0.95734625,0.024130506595706584,0.023101249999999962,0.934245,0.95734625
wiki-CDN-window3,objects,warm20,0.005,2603,0.8803675,0.921315,0.044444625345294524,0.040947500000000026,0.8803675,0.921315
wiki-CDN-window3,objects,warm20,0.01,5206,0.84910875,0.89248,0.0485963270885623,0.04337125000000008,0.84910875,0.89248
wiki-CDN-window3,objects,warm20,0.02,10412,0.8072325,0.8530075,0.05366306861311303,0.04577500000000001,0.8072325,0.8530075
wiki-CDN-window3,objects,warm20,0.05,26030,0.73541,0.78355375,0.061442817419991975,0.04814375000000004,0.73541,0.78355375
wiki-CDN-window3,objects,warm20,0.1,52060,0.66886125,0.71532125,0.06494983897095194,0.04646000000000006,0.66886125,0.71532125
wiki-CDN-window3,objects,warm20,0.2,104120,0.592315,0.6306925,0.06084978020192083,0.03837749999999995,0.592315,0.6306925
wiki-CDN-window3,objects,warm20,0.4,208240,0.526095,0.54116375,0.02784508385862888,0.015068750000000075,0.526095,0.54116375
wiki-CDN-window3,bytes,cold,0.001,14253598,0.94084625,0.96039625,0.020356181107537598,0.019549999999999956,0.9290599483,0.9565196487
wiki-CDN-window3,bytes,cold,0.005,71267991,0.89780375,0.9277325,0.03226010730463787,0.02992874999999995,0.8667662807,0.9132423274
wiki-CDN-window3,bytes,cold,0.01,142535982,0.8707775,0.90145125,0.03402707578474161,0.030673750000000055,0.8282072826,0.8788024856
wiki-CDN-window3,bytes,cold,0.02,285071965,0.83401,0.8648,0.035603607770582774,0.030789999999999984,0.7770059987,0.8304687269
wiki-CDN-window3,bytes,cold,0.05,712679913,0.769105,0.79883,0.03721067060576092,0.029725,0.6939941301,0.7442092875
wiki-CDN-window3,bytes,cold,0.1,1425359826,0.70686125,0.73512125,0.0384426378641618,0.028259999999999952,0.6178108403,0.6625936886
wiki-CDN-window3,bytes,cold,0.2,2850719652,0.63540625,0.65844125,0.03498413867600189,0.023035000000000028,0.5393128893,0.5706950203
wiki-CDN-window3,bytes,cold,0.4,5701439304,0.5775475,0.5854375,0.013477100459058504,0.007890000000000064,0.4800658842,0.489484973
wiki-CDN-window3,bytes,warm10,0.001,14253598,0.9390675,0.9603875,0.022199372649060817,0.021319999999999895,0.9249523059,0.956508551
wiki-CDN-window3,bytes,warm10,0.005,71267991,0.89561125,0.927685,0.03457396637867381,0.03207375000000001,0.8624423331,0.9131751934
wiki-CDN-window3,bytes,warm10,0.01,142535982,0.86768875,0.9013275,0.03732133991251786,0.03363874999999994,0.8218087345,0.8786493764
wiki-CDN-window3,bytes,warm10,0.02,285071965,0.830405,0.8643675,0.039291736443121714,0.03396250000000001,0.7693543903,0.8299074912
wiki-CDN-window3,bytes,warm10,0.05,712679913,0.764765,0.797115,0.04058385552900145,0.03234999999999999,0.684993837,0.7419145904
wiki-CDN-window3,bytes,warm10,0.1,1425359826,0.69997375,0.73043125,0.04169796952143001,0.030457500000000026,0.6060763986,0.6564468449
wiki-CDN-window3,bytes,warm10,0.2,2850719652,0.61619875,0.64486625,0.04445495480651989,0.028667499999999957,0.5140816482,0.5535633268
wiki-CDN-window3,bytes,warm10,0.4,5701439304,0.5479675,0.55956375,0.020723733444133887,0.011596249999999975,0.4440194861,0.4580921572
wiki-CDN-window3,bytes,warm20,0.001,14253598,0.9383075,0.9603875,0.022990719891710365,0.02207999999999999,0.9248927022,0.956508551
wiki-CDN-window3,bytes,warm20,0.005,71267991,0.89430625,0.927685,0.035980693877771024,0.03337875000000001,0.8597860087,0.9131751934
wiki-CDN-window3,bytes,warm20,0.01,142535982,0.8654875,0.9013275,0.039763570955063485,0.03583999999999998,0.8179018523,0.8786493764
wiki-CDN-window3,bytes,warm20,0.02,285071965,0.82805625,0.8643675,0.042009041293199836,0.036311249999999906,0.766128795,0.8299074912
wiki-CDN-window3,bytes,warm20,0.05,712679913,0.759855,0.797115,0.0467435689956908,0.03726000000000007,0.6771205235,0.7419145904
wiki-CDN-window3,bytes,warm20,0.1,1425359826,0.69520625,0.73043125,0.0482249356116677,0.03522499999999995,0.5986321394,0.6564468449
wiki-CDN-window3,bytes,warm20,0.2,2850719652,0.6114225,0.64452625,0.05136136813667401,0.03310374999999999,0.5063274726,0.5531562789
wiki-CDN-window3,bytes,warm20,0.4,5701439304,0.53381875,0.54971625,0.02891946526958228,0.01589750000000001,0.4277018555,0.4468728887
twitter-KV-window1,objects,cold,0.001,500,0.50175,0.49999375,-0.003512543906798864,-0.0017562500000000147,0.50175,0.49999375
twitter-KV-window1,objects,cold,0.005,2500,0.50037375,0.4999925,-0.0007625114376714533,-0.00038124999999994413,0.50037375,0.4999925
twitter-KV-window1,objects,cold,0.01,5000,0.50017625,0.4999925,-0.0003675055125826538,-0.00018374999999998254,0.50017625,0.4999925
twitter-KV-window1,objects,cold,0.02,10000,0.500105,0.4999925,-0.00022500337505065648,-0.00011250000000001537,0.500105,0.4999925
twitter-KV-window1,objects,cold,0.05,25000,0.50003,0.4999925,-7.500112501681147e-05,-3.7499999999968114e-05,0.50003,0.4999925
twitter-KV-window1,objects,cold,0.1,50000,0.5000225,0.4999925,-6.000090001356021e-05,-3.0000000000030003e-05,0.5000225,0.4999925
twitter-KV-window1,objects,cold,0.2,100001,0.5000025,0.4999925,-2.0000300004520068e-05,-1.0000000000010001e-05,0.5000025,0.4999925
twitter-KV-window1,objects,cold,0.4,200003,0.49999375,0.4999925,-2.5000375005788867e-06,-1.250000000008189e-06,0.49999375,0.4999925
twitter-KV-window1,objects,warm10,0.001,500,0.5019975,0.49999375,-0.004007550094376121,-0.002003749999999971,0.5019975,0.49999375
twitter-KV-window1,objects,warm10,0.005,2500,0.50040375,0.4999925,-0.0008225123376851245,-0.00041125000000002965,0.50040375,0.4999925
twitter-KV-window1,objects,warm10,0.01,5000,0.5001725,0.4999925,-0.0003600054000810282,-0.00018000000000001348,0.5001725,0.4999925
twitter-KV-window1,objects,warm10,0.02,10000,0.50008625,0.4999925,-0.00018750281254208422,-9.374999999994804e-05,0.50008625,0.4999925
twitter-KV-window1,objects,warm10,0.05,25000,0.50001875,0.4999925,-5.250078751171253e-05,-2.6249999999949925e-05,0.50001875,0.4999925
twitter-KV-window1,objects,warm10,0.1,50000,0.50001375,0.4999925,-4.2500637509619025e-05,-2.125000000002819e-05,0.50001375,0.4999925
twitter-KV-window1,objects,warm10,0.2,100001,0.50000625,0.4999925,-2.7500412506145704e-05,-1.3749999999979057e-05,0.50000625,0.4999925
twitter-KV-window1,objects,warm10,0.4,200003,0.5,0.4999925,-1.5000225003362296e-05,-7.499999999993623e-06,0.5,0.4999925
twitter-KV-window1,objects,warm20,0.001,500,0.50206125,0.49999375,-0.0041350516881461016,-0.0020675,0.50206125,0.49999375
twitter-KV-window1,objects,warm20,0.005,2500,0.50040375,0.4999925,-0.0008225123376851245,-0.00041125000000002965,0.50040375,0.4999925
twitter-KV-window1,objects,warm20,0.01,5000,0.50018125,0.4999925,-0.00037750566258496935,-0.0001887500000000153,0.50018125,0.4999925
twitter-KV-window1,objects,warm20,0.02,10000,0.50007625,0.4999925,-0.00016750251253767515,-8.374999999999355e-05,0.50007625,0.4999925
twitter-KV-window1,objects,warm20,0.05,25000,0.50003125,0.4999925,-7.750116251750138e-05,-3.8750000000031815e-05,0.50003125,0.4999925
twitter-KV-window1,objects,warm20,0.1,50000,0.5000175,0.4999925,-5.000075001124466e-05,-2.4999999999997247e-05,0.5000175,0.4999925
twitter-KV-window1,objects,warm20,0.2,100001,0.50002,0.4999925,-5.500082501240243e-05,-2.7500000000013625e-05,0.50002,0.4999925
twitter-KV-window1,objects,warm20,0.4,200003,0.49999375,0.4999925,-2.5000375005788867e-06,-1.250000000008189e-06,0.49999375,0.4999925
twitter-KV-window1,bytes,cold,0.001,11006,0.50175,0.49999375,-0.003512543906798864,-0.0017562500000000147,0.50175,0.49999375
twitter-KV-window1,bytes,cold,0.005,55033,0.50037375,0.4999925,-0.0007625114376714533,-0.00038124999999994413,0.50037375,0.4999925
twitter-KV-window1,bytes,cold,0.01,110066,0.50015125,0.4999925,-0.00031750476257152017,-0.0001587500000000408,0.50015125,0.4999925
twitter-KV-window1,bytes,cold,0.02,220133,0.5000625,0.4999925,-0.00014000210003141844,-6.999999999995898e-05,0.5000625,0.4999925
twitter-KV-window1,bytes,cold,0.05,550334,0.50002625,0.4999925,-6.750101251518584e-05,-3.374999999999906e-05,0.50002625,0.4999925
twitter-KV-window1,bytes,cold,0.1,1100668,0.50001125,0.4999925,-3.7500562508461255e-05,-1.8750000000011813e-05,0.50001125,0.4999925
twitter-KV-window1,bytes,cold,0.2,2201336,0.500005,0.4999925,-2.5000375005677842e-05,-1.2500000000026379e-05,0.500005,0.4999925
twitter-KV-window1,bytes,cold,0.4,4402672,0.4999925,0.4999925,0.0,0.0,0.4999925,0.4999925
twitter-KV-window1,bytes,warm10,0.001,11006,0.5019975,0.49999375,-0.004007550094376121,-0.002003749999999971,0.5019975,0.49999375
twitter-KV-window1,bytes,warm10,0.005,55033,0.50028875,0.4999925,-0.0005925088876331993,-0.0002962499999999424,0.50028875,0.4999925
twitter-KV-window1,bytes,warm10,0.01,110066,0.5001825,0.4999925,-0.0003800057000854372,-0.00018999999999996797,0.5001825,0.4999925
twitter-KV-window1,bytes,warm10,0.02,220133,0.5000625,0.4999925,-0.00014000210003141844,-6.999999999995898e-05,0.5000625,0.4999925
twitter-KV-window1,bytes,warm10,0.05,550334,0.50006,0.4999925,-0.00013500202503026067,-6.74999999999426e-05,0.50006,0.4999925
twitter-KV-window1,bytes,warm10,0.1,1100668,0.5000025,0.4999925,-2.0000300004520068e-05,-1.0000000000010001e-05,0.5000025,0.4999925
twitter-KV-window1,bytes,warm10,0.2,2201336,0.5,0.4999925,-1.5000225003362296e-05,-7.499999999993623e-06,0.5,0.4999925
twitter-KV-window1,bytes,warm10,0.4,4402672,0.499995,0.4999925,-5.0000750011577735e-06,-2.500000000016378e-06,0.499995,0.4999925
twitter-KV-window1,bytes,warm20,0.001,11006,0.50206125,0.49999375,-0.0041350516881461016,-0.0020675,0.50206125,0.49999375
twitter-KV-window1,bytes,warm20,0.005,55033,0.50046375,0.4999925,-0.000942514137712023,-0.00047124999999997863,0.50046375,0.4999925
twitter-KV-window1,bytes,warm20,0.01,110066,0.50015375,0.4999925,-0.0003225048375724559,-0.00016124999999994616,0.50015375,0.4999925
twitter-KV-window1,bytes,warm20,0.02,220133,0.50006625,0.4999925,-0.00014750221253326612,-7.375000000003906e-05,0.50006625,0.4999925
twitter-KV-window1,bytes,warm20,0.05,550334,0.50004625,0.4999925,-0.00010750161252422599,-5.375000000001906e-05,0.50004625,0.4999925
twitter-KV-window1,bytes,warm20,0.1,1100668,0.50000875,0.4999925,-3.250048750730348e-05,-1.6249999999995435e-05,0.50000875,0.4999925
twitter-KV-window1,bytes,warm20,0.2,2201336,0.4999975,0.4999925,-1.0000150002204523e-05,-4.999999999977245e-06,0.4999975,0.4999925
twitter-KV-window1,bytes,warm20,0.4,4402672,0.49999375,0.4999925,-2.5000375005788867e-06,-1.250000000008189e-06,0.49999375,0.4999925
twitter-KV-window2,objects,cold,0.001,500,0.5010025,0.500005,-0.001994980050199467,-0.0009974999999999845,0.5010025,0.500005
twitter-KV-window2,objects,cold,0.005,2500,0.50020875,0.500005,-0.0004074959250406436,-0.00020374999999994703,0.50020875,0.500005
twitter-KV-window2,objects,cold,0.01,5000,0.50007,0.500005,-0.00012999870001296335,-6.499999999998174e-05,0.50007,0.500005
twitter-KV-window2,objects,cold,0.02,10000,0.50005125,0.500005,-9.249907500907874e-05,-4.6249999999914415e-05,0.50005125,0.500005
twitter-KV-window2,objects,cold,0.05,25000,0.5000225,0.500005,-3.499965000350721e-05,-1.7500000000003624e-05,0.5000225,0.500005
twitter-KV-window2,objects,cold,0.1,50000,0.5000125,0.500005,-1.4999850001376208e-05,-7.499999999938112e-06,0.5000125,0.500005
twitter-KV-window2,objects,cold,0.2,100001,0.50000875,0.500005,-7.499925000688104e-06,-3.749999999969056e-06,0.50000875,0.500005
twitter-KV-window2,objects,cold,0.4,200003,0.50000625,0.500005,-2.499975000155354e-06,-1.2499999999526779e-06,0.50000625,0.500005
twitter-KV-window2,objects,warm10,0.001,500,0.50100375,0.50000125,-0.002004994987512566,-0.0010025000000000173,0.50100375,0.50000125
twitter-KV-window2,objects,warm10,0.005,2500,0.500145,0.50000125,-0.000287499281251793,-0.00014374999999999805,0.500145,0.50000125
twitter-KV-window2,objects,warm10,0.01,5000,0.50008875,0.50000125,-0.00017499956250113,-8.750000000001812e-05,0.50008875,0.50000125
twitter-KV-window2,objects,warm10,0.02,10000,0.50006125,0.50000125,-0.00011999970000087001,-6.0000000000060005e-05,0.50006125,0.50000125
twitter-KV-window2,objects,warm10,0.05,25000,0.5000125,0.50000125,-2.2499943750177005e-05,-1.125000000001819e-05,0.5000125,0.50000125
twitter-KV-window2,objects,warm10,0.1,50000,0.50000875,0.50000125,-1.4999962500192018e-05,-7.500000000049134e-06,0.50000875,0.50000125
twitter-KV-window2,objects,warm10,0.2,100001,0.5000025,0.50000125,-2.499993750143025e-06,-1.2500000000637002e-06,0.5000025,0.50000125
twitter-KV-window2,objects,warm10,0.4,200003,0.50000375,0.50000125,-4.9999875000640064e-06,-2.500000000016378e-06,0.50000375,0.50000125
twitter-KV-window2,objects,warm20,0.001,500,0.50104625,0.50000125,-0.00208999477501321,-0.0010450000000000736,0.50104625,0.50000125
twitter-KV-window2,objects,warm20,0.005,2500,0.5002275,0.50000125,-0.000452498868753017,-0.00022625000000009443,0.5002275,0.50000125
twitter-KV-window2,objects,warm20,0.01,5000,0.50012625,0.50000125,-0.000249999375001646,-0.00012500000000004174,0.50012625,0.50000125
twitter-KV-window2,objects,warm20,0.02,10000,0.50005375,0.50000125,-0.000104999737500678,-5.250000000001087e-05,0.50005375,0.50000125
twitter-KV-window2,objects,warm20,0.05,25000,0.50001875,0.50000125,-3.4999912500226e-05,-1.7500000000003624e-05,0.50001875,0.50000125
twitter-KV-window2,objects,warm20,0.1,50000,0.50001625,0.50000125,-2.9999925000384037e-05,-1.5000000000098268e-05,0.50001625,0.50000125
twitter-KV-window2,objects,warm20,0.2,100001,0.50001,0.50000125,-1.7499956250113e-05,-8.750000000001812e-06,0.50001,0.50000125
twitter-KV-window2,objects,warm20,0.4,200003,0.5000075,0.50000125,-1.2499968750271037e-05,-6.250000000096456e-06,0.5000075,0.50000125
twitter-KV-window2,bytes,cold,0.001,11000,0.5010025,0.500005,-0.001994980050199467,-0.0009974999999999845,0.5010025,0.500005
twitter-KV-window2,bytes,cold,0.005,55000,0.50020875,0.500005,-0.0004074959250406436,-0.00020374999999994703,0.50020875,0.500005
twitter-KV-window2,bytes,cold,0.01,110001,0.50007,0.500005,-0.00012999870001296335,-6.499999999998174e-05,0.50007,0.500005
twitter-KV-window2,bytes,cold,0.02,220003,0.50005125,0.500005,-9.249907500907874e-05,-4.6249999999914415e-05,0.50005125,0.500005
twitter-KV-window2,bytes,cold,0.05,550009,0.5000225,0.500005,-3.499965000350721e-05,-1.7500000000003624e-05,0.5000225,0.500005
twitter-KV-window2,bytes,cold,0.1,1100019,0.5000125,0.500005,-1.4999850001376208e-05,-7.499999999938112e-06,0.5000125,0.500005
twitter-KV-window2,bytes,cold,0.2,2200039,0.50000875,0.500005,-7.499925000688104e-06,-3.749999999969056e-06,0.50000875,0.500005
twitter-KV-window2,bytes,cold,0.4,4400079,0.50000625,0.500005,-2.499975000155354e-06,-1.2499999999526779e-06,0.50000625,0.500005
twitter-KV-window2,bytes,warm10,0.001,11000,0.50100375,0.50000125,-0.002004994987512566,-0.0010025000000000173,0.50100375,0.50000125
twitter-KV-window2,bytes,warm10,0.005,55000,0.500145,0.50000125,-0.000287499281251793,-0.00014374999999999805,0.500145,0.50000125
twitter-KV-window2,bytes,warm10,0.01,110001,0.50008875,0.50000125,-0.00017499956250113,-8.750000000001812e-05,0.50008875,0.50000125
twitter-KV-window2,bytes,warm10,0.02,220003,0.50006125,0.50000125,-0.00011999970000087001,-6.0000000000060005e-05,0.50006125,0.50000125
twitter-KV-window2,bytes,warm10,0.05,550009,0.5000125,0.50000125,-2.2499943750177005e-05,-1.125000000001819e-05,0.5000125,0.50000125
twitter-KV-window2,bytes,warm10,0.1,1100019,0.50000875,0.50000125,-1.4999962500192018e-05,-7.500000000049134e-06,0.50000875,0.50000125
twitter-KV-window2,bytes,warm10,0.2,2200039,0.5000025,0.50000125,-2.499993750143025e-06,-1.2500000000637002e-06,0.5000025,0.50000125
twitter-KV-window2,bytes,warm10,0.4,4400079,0.50000375,0.50000125,-4.9999875000640064e-06,-2.500000000016378e-06,0.50000375,0.50000125
twitter-KV-window2,bytes,warm20,0.001,11000,0.50104625,0.50000125,-0.00208999477501321,-0.0010450000000000736,0.50104625,0.50000125
twitter-KV-window2,bytes,warm20,0.005,55000,0.5002275,0.50000125,-0.000452498868753017,-0.00022625000000009443,0.5002275,0.50000125
twitter-KV-window2,bytes,warm20,0.01,110001,0.50012625,0.50000125,-0.000249999375001646,-0.00012500000000004174,0.50012625,0.50000125
twitter-KV-window2,bytes,warm20,0.02,220003,0.50005375,0.50000125,-0.000104999737500678,-5.250000000001087e-05,0.50005375,0.50000125
twitter-KV-window2,bytes,warm20,0.05,550009,0.50001875,0.50000125,-3.4999912500226e-05,-1.7500000000003624e-05,0.50001875,0.50000125
twitter-KV-window2,bytes,warm20,0.1,1100019,0.50001625,0.50000125,-2.9999925000384037e-05,-1.5000000000098268e-05,0.50001625,0.50000125
twitter-KV-window2,bytes,warm20,0.2,2200039,0.50001,0.50000125,-1.7499956250113e-05,-8.750000000001812e-06,0.50001,0.50000125
twitter-KV-window2,bytes,warm20,0.4,4400079,0.5000075,0.50000125,-1.2499968750271037e-05,-6.250000000096456e-06,0.5000075,0.50000125
twitter-KV-window3,objects,cold,0.001,500,0.5009725,0.50004,-0.0018648508119350506,-0.0009325000000000028,0.5009725,0.50004
twitter-KV-window3,objects,cold,0.005,2500,0.50019625,0.50004,-0.00031247500199977783,-0.00015624999999996891,0.50019625,0.50004
twitter-KV-window3,objects,cold,0.01,5000,0.5001375,0.50004,-0.00019498440124784538,-9.749999999997261e-05,0.5001375,0.50004
twitter-KV-window3,objects,cold,0.02,10000,0.50008875,0.50004,-9.749220062381168e-05,-4.874999999993079e-05,0.50008875,0.50004
twitter-KV-window3,objects,cold,0.05,25002,0.50005625,0.50004,-3.249740020786322e-05,-1.6249999999939924e-05,0.50005625,0.50004
twitter-KV-window3,objects,cold,0.1,50004,0.50004125,0.50004,-2.499800015904083e-06,-1.2499999999526779e-06,0.50004125,0.50004
twitter-KV-window3,objects,cold,0.2,100009,0.50004,0.50004,0.0,0.0,0.50004,0.50004
twitter-KV-window3,objects,cold,0.4,200019,0.50004125,0.50004,-2.499800015904083e-06,-1.2499999999526779e-06,0.50004125,0.50004
twitter-KV-window3,objects,warm10,0.001,500,0.50091125,0.50004,-0.001742360611151088,-0.0008712499999999901,0.50091125,0.50004
twitter-KV-window3,objects,warm10,0.005,2500,0.5001975,0.50004,-0.0003149748020156819,-0.0001574999999999216,0.5001975,0.50004
twitter-KV-window3,objects,warm10,0.01,5000,0.5001375,0.50004,-0.00019498440124784538,-9.749999999997261e-05,0.5001375,0.50004
twitter-KV-window3,objects,warm10,0.02,10000,0.50009125,0.50004,-0.00010249180065584187,-5.124999999994717e-05,0.50009125,0.50004
twitter-KV-window3,objects,warm10,0.05,25002,0.5000675,0.50004,-5.4995600351888073e-05,-2.7499999999958114e-05,0.5000675,0.50004
twitter-KV-window3,objects,warm10,0.1,50004,0.50005375,0.50004,-2.749780017583302e-05,-1.3749999999923546e-05,0.50005375,0.50004
twitter-KV-window3,objects,warm10,0.2,100009,0.5000425,0.50004,-4.999600031808166e-06,-2.4999999999053557e-06,0.5000425,0.50004
twitter-KV-window3,objects,warm10,0.4,200019,0.5000425,0.50004,-4.999600031808166e-06,-2.4999999999053557e-06,0.5000425,0.50004
twitter-KV-window3,objects,warm20,0.001,500,0.50091875,0.50004,-0.0017573594112469564,-0.0008787499999999282,0.50091875,0.50004
twitter-KV-window3,objects,warm20,0.005,2500,0.5001875,0.50004,-0.00029497640188778316,-0.0001474999999999671,0.5001875,0.50004
twitter-KV-window3,objects,warm20,0.01,5000,0.500115,0.50004,-0.00014998800095979565,-7.499999999993623e-05,0.500115,0.50004
twitter-KV-window3,objects,warm20,0.02,10000,0.5000825,0.50004,-8.49932005438472e-05,-4.249999999994536e-05,0.5000825,0.50004
twitter-KV-window3,objects,warm20,0.05,25002,0.50006,0.50004,-3.9996800255797495e-05,-1.999999999990898e-05,0.50006,0.50004
twitter-KV-window3,objects,warm20,0.1,50004,0.5000475,0.50004,-1.4998800095868552e-05,-7.499999999938112e-06,0.5000475,0.50004
twitter-KV-window3,objects,warm20,0.2,100009,0.500045,0.50004,-9.99920006383836e-06,-4.999999999921734e-06,0.500045,0.50004
twitter-KV-window3,objects,warm20,0.4,200019,0.5000425,0.50004,-4.999600031808166e-06,-2.4999999999053557e-06,0.5000425,0.50004
twitter-KV-window3,bytes,cold,0.001,11001,0.5009725,0.50004,-0.0018648508119350506,-0.0009325000000000028,0.5009725,0.50004
twitter-KV-window3,bytes,cold,0.005,55005,0.50019625,0.50004,-0.00031247500199977783,-0.00015624999999996891,0.50019625,0.50004
twitter-KV-window3,bytes,cold,0.01,110010,0.5001375,0.50004,-0.00019498440124784538,-9.749999999997261e-05,0.5001375,0.50004
twitter-KV-window3,bytes,cold,0.02,220021,0.50008875,0.50004,-9.749220062381168e-05,-4.874999999993079e-05,0.50008875,0.50004
twitter-KV-window3,bytes,cold,0.05,550053,0.50005625,0.50004,-3.249740020786322e-05,-1.6249999999939924e-05,0.50005625,0.50004
twitter-KV-window3,bytes,cold,0.1,1100107,0.50004125,0.50004,-2.499800015904083e-06,-1.2499999999526779e-06,0.50004125,0.50004
twitter-KV-window3,bytes,cold,0.2,2200215,0.50004,0.50004,0.0,0.0,0.50004,0.50004
twitter-KV-window3,bytes,cold,0.4,4400431,0.50004125,0.50004,-2.499800015904083e-06,-1.2499999999526779e-06,0.50004125,0.50004
twitter-KV-window3,bytes,warm10,0.001,11001,0.50091125,0.50004,-0.001742360611151088,-0.0008712499999999901,0.50091125,0.50004
twitter-KV-window3,bytes,warm10,0.005,55005,0.5001975,0.50004,-0.0003149748020156819,-0.0001574999999999216,0.5001975,0.50004
twitter-KV-window3,bytes,warm10,0.01,110010,0.5001375,0.50004,-0.00019498440124784538,-9.749999999997261e-05,0.5001375,0.50004
twitter-KV-window3,bytes,warm10,0.02,220021,0.50009125,0.50004,-0.00010249180065584187,-5.124999999994717e-05,0.50009125,0.50004
twitter-KV-window3,bytes,warm10,0.05,550053,0.5000675,0.50004,-5.4995600351888073e-05,-2.7499999999958114e-05,0.5000675,0.50004
twitter-KV-window3,bytes,warm10,0.1,1100107,0.50005375,0.50004,-2.749780017583302e-05,-1.3749999999923546e-05,0.50005375,0.50004
twitter-KV-window3,bytes,warm10,0.2,2200215,0.5000425,0.50004,-4.999600031808166e-06,-2.4999999999053557e-06,0.5000425,0.50004
twitter-KV-window3,bytes,warm10,0.4,4400431,0.5000425,0.50004,-4.999600031808166e-06,-2.4999999999053557e-06,0.5000425,0.50004
twitter-KV-window3,bytes,warm20,0.001,11001,0.50091875,0.50004,-0.0017573594112469564,-0.0008787499999999282,0.50091875,0.50004
twitter-KV-window3,bytes,warm20,0.005,55005,0.5001875,0.50004,-0.00029497640188778316,-0.0001474999999999671,0.5001875,0.50004
twitter-KV-window3,bytes,warm20,0.01,110010,0.500115,0.50004,-0.00014998800095979565,-7.499999999993623e-05,0.500115,0.50004
twitter-KV-window3,bytes,warm20,0.02,220021,0.5000825,0.50004,-8.49932005438472e-05,-4.249999999994536e-05,0.5000825,0.50004
twitter-KV-window3,bytes,warm20,0.05,550053,0.50006,0.50004,-3.9996800255797495e-05,-1.999999999990898e-05,0.50006,0.50004
twitter-KV-window3,bytes,warm20,0.1,1100107,0.5000475,0.50004,-1.4998800095868552e-05,-7.499999999938112e-06,0.5000475,0.50004
twitter-KV-window3,bytes,warm20,0.2,2200215,0.500045,0.50004,-9.99920006383836e-06,-4.999999999921734e-06,0.500045,0.50004
twitter-KV-window3,bytes,warm20,0.4,4400431,0.5000425,0.50004,-4.999600031808166e-06,-2.4999999999053557e-06,0.5000425,0.50004
meta-CDN-window1,objects,cold,0.001,381,0.50186375,0.50350375,0.003257175343778422,0.0016399999999999748,0.50186375,0.50350375
meta-CDN-window1,objects,cold,0.005,1907,0.468525,0.47462125,0.012844452286955061,0.00609624999999997,0.468525,0.47462125
meta-CDN-window1,objects,cold,0.01,3814,0.4530775,0.46131125,0.017848578373061537,0.008233749999999984,0.4530775,0.46131125
meta-CDN-window1,objects,cold,0.02,7628,0.4382375,0.446635,0.018801706091103477,0.008397500000000002,0.4382375,0.446635
meta-CDN-window1,objects,cold,0.05,19071,0.420925,0.425615,0.011019348472210864,0.0046900000000000275,0.420925,0.425615
meta-CDN-window1,objects,cold,0.1,38143,0.40884,0.41087875,0.0049619261156728925,0.0020387500000000336,0.40884,0.41087875
meta-CDN-window1,objects,cold,0.2,76286,0.39783,0.3985125,0.0017126188011667759,0.0006824999999999748,0.39783,0.3985125
meta-CDN-window1,objects,cold,0.4,152572,0.38815375,0.38843375,0.0007208436445082397,0.00028000000000000247,0.38815375,0.38843375
meta-CDN-window1,objects,warm10,0.001,381,0.5016525,0.50349,0.003649526306381552,0.0018375000000000474,0.5016525,0.50349
meta-CDN-window1,objects,warm10,0.005,1907,0.468075,0.47454875,0.013641907180242283,0.00647375,0.468075,0.47454875
meta-CDN-window1,objects,warm10,0.01,3814,0.45187125,0.4611625,0.0201474534464532,0.009291249999999973,0.45187125,0.4611625
meta-CDN-window1,objects,warm10,0.02,7628,0.437215,0.44629,0.020334311770373523,0.009075,0.437215,0.44629
meta-CDN-window1,objects,warm10,0.05,19071,0.42026,0.42416875,0.009215082440655897,0.003908749999999961,0.42026,0.42416875
meta-CDN-window1,objects,warm10,0.1,38143,0.4060975,0.40820875,0.005171986146793789,0.002111250000000009,0.4060975,0.40820875
meta-CDN-window1,objects,warm10,0.2,76286,0.39456875,0.39403875,-0.0013450453794202485,-0.0005300000000000304,0.39456875,0.39403875
meta-CDN-window1,objects,warm10,0.4,152572,0.38170375,0.38205125,0.0009095638346949541,0.0003475000000000006,0.38170375,0.38205125
meta-CDN-window1,objects,warm20,0.001,381,0.50184875,0.50349,0.0032597469661761673,0.0016412500000000385,0.50184875,0.50349
meta-CDN-window1,objects,warm20,0.005,1907,0.4684025,0.47454875,0.012951777873190098,0.00614625000000002,0.4684025,0.47454875
meta-CDN-window1,objects,warm20,0.01,3814,0.451825,0.4611625,0.02024774347437183,0.009337499999999999,0.451825,0.4611625
meta-CDN-window1,objects,warm20,0.02,7628,0.43743875,0.44629,0.019832956149588906,0.008851250000000033,0.43743875,0.44629
meta-CDN-window1,objects,warm20,0.05,19071,0.41845875,0.42416875,0.013461623469432846,0.005709999999999993,0.41845875,0.42416875
meta-CDN-window1,objects,warm20,0.1,38143,0.407075,0.40820875,0.00277737799593955,0.001133749999999989,0.407075,0.40820875
meta-CDN-window1,objects,warm20,0.2,76286,0.39589875,0.3934925,-0.0061151101990508045,-0.0024062499999999987,0.39589875,0.3934925
meta-CDN-window1,objects,warm20,0.4,152572,0.378585,0.37910625,0.001374944359265966,0.0005212499999999731,0.378585,0.37910625
meta-CDN-window1,bytes,cold,0.001,6323038860,0.50461375,0.5018675,-0.005472061848993908,-0.00274624999999995,0.2501433357,0.2518804261
meta-CDN-window1,bytes,cold,0.005,31615194300,0.47424375,0.47214,-0.004455775829203235,-0.0021037500000000153,0.2266147932,0.227659512
meta-CDN-window1,bytes,cold,0.01,63230388600,0.4608,0.4585775,-0.0048465090415468716,-0.0022224999999999606,0.2239267974,0.2244771958
meta-CDN-window1,bytes,cold,0.02,126460777200,0.44487875,0.44395375,-0.002083550369830211,-0.0009250000000000091,0.220608631,0.2211116678
meta-CDN-window1,bytes,cold,0.05,316151943000,0.42546625,0.42234625,-0.007387303663759325,-0.0031200000000000117,0.2143538119,0.2145325119
meta-CDN-window1,bytes,cold,0.1,632303886001,0.41228375,0.40863375,-0.008932203960147654,-0.0036499999999999866,0.2109354508,0.2097935775
meta-CDN-window1,bytes,cold,0.2,1264607772002,0.3996675,0.3967875,-0.007258293166997432,-0.0028799999999999937,0.2068948049,0.2068237386
meta-CDN-window1,bytes,cold,0.4,2529215544004,0.38977375,0.3875525,-0.005731481541210423,-0.0022212499999999524,0.2042772809,0.2035343389
meta-CDN-window1,bytes,warm10,0.001,6323038860,0.50460125,0.5018525,-0.005477206948256642,-0.0027487499999999665,0.2501462391,0.25179164
meta-CDN-window1,bytes,warm10,0.005,31615194300,0.47409875,0.47204125,-0.004358729242412585,-0.00205749999999999,0.2264912785,0.2275375804
meta-CDN-window1,bytes,warm10,0.01,63230388600,0.46139625,0.4583675,-0.00660768924498361,-0.0030287500000000245,0.2238250396,0.2243475419
meta-CDN-window1,bytes,warm10,0.02,126460777200,0.4439325,0.44342125,-0.0011529668458604965,-0.0005112500000000186,0.2201933837,0.2209560166
meta-CDN-window1,bytes,warm10,0.05,316151943000,0.42368125,0.4205025,-0.007559408089131475,-0.003178750000000008,0.2141788394,0.2142834509
meta-CDN-window1,bytes,warm10,0.1,632303886001,0.40949,0.4054575,-0.009945555329473482,-0.004032499999999994,0.2106443291,0.2092843084
meta-CDN-window1,bytes,warm10,0.2,1264607772002,0.3968025,0.39193875,-0.012409464489030493,-0.00486375,0.2067922891,0.2061599176
meta-CDN-window1,bytes,warm10,0.4,2529215544004,0.38535,0.380835,-0.011855527984560367,-0.004515000000000047,0.2033745118,0.2022359431
meta-CDN-window1,bytes,warm20,0.001,6323038860,0.50460125,0.5018525,-0.005477206948256642,-0.0027487499999999665,0.2501462391,0.25179164
meta-CDN-window1,bytes,warm20,0.005,31615194300,0.47409875,0.47204125,-0.004358729242412585,-0.00205749999999999,0.2264912785,0.2275375804
meta-CDN-window1,bytes,warm20,0.01,63230388600,0.461375,0.4583675,-0.006561329064560634,-0.0030074999999999963,0.2238247545,0.2243475419
meta-CDN-window1,bytes,warm20,0.02,126460777200,0.44376875,0.44342125,-0.0007836791764039288,-0.0003475000000000006,0.2200702025,0.2209560166
meta-CDN-window1,bytes,warm20,0.05,316151943000,0.42344,0.42047125,-0.007060530297850244,-0.0029687499999999645,0.2142128948,0.2142823933
meta-CDN-window1,bytes,warm20,0.1,632303886001,0.40922375,0.40540375,-0.009422705142712642,-0.00381999999999999,0.2106204622,0.209275793
meta-CDN-window1,bytes,warm20,0.2,1264607772002,0.39607875,0.39058,-0.014078421834195292,-0.005498749999999997,0.2070705537,0.2060497685
meta-CDN-window1,bytes,warm20,0.4,2529215544004,0.38371375,0.37743,-0.01664878255570578,-0.006283750000000032,0.2021496934,0.2010355337
meta-CDN-window2,objects,cold,0.001,388,0.53361875,0.5309025,-0.005116287830627988,-0.0027162499999999756,0.53361875,0.5309025
meta-CDN-window2,objects,cold,0.005,1941,0.49504375,0.5025375,0.01491182250080833,0.007493749999999966,0.49504375,0.5025375
meta-CDN-window2,objects,cold,0.01,3882,0.47956125,0.48844375,0.018185307929521086,0.008882500000000015,0.47956125,0.48844375
meta-CDN-window2,objects,cold,0.02,7765,0.46486375,0.47261875,0.016408574564593464,0.007754999999999956,0.46486375,0.47261875
meta-CDN-window2,objects,cold,0.05,19414,0.44700375,0.450715,0.008234139090112376,0.0037112499999999993,0.44700375,0.450715
meta-CDN-window2,objects,cold,0.1,38828,0.43314125,0.434245,0.0025417678960034415,0.0011037500000000144,0.43314125,0.434245
meta-CDN-window2,objects,cold,0.2,77657,0.41956875,0.41966,0.00021743792594001616,9.124999999998717e-05,0.41956875,0.41966
meta-CDN-window2,objects,cold,0.4,155315,0.40824875,0.40868875,0.0010766139268575314,0.00043999999999999595,0.40824875,0.40868875
meta-CDN-window2,objects,warm10,0.001,388,0.5333875,0.53088125,-0.004720923935437621,-0.002506250000000043,0.5333875,0.53088125
meta-CDN-window2,objects,warm10,0.005,1941,0.49419125,0.5024575,0.0164516401884736,0.008266249999999975,0.49419125,0.5024575
meta-CDN-window2,objects,warm10,0.01,3882,0.47855375,0.4882625,0.019884283556488545,0.009708749999999988,0.47855375,0.4882625
meta-CDN-window2,objects,warm10,0.02,7765,0.4633175,0.4722025,0.01881607996569275,0.008885000000000032,0.4633175,0.4722025
meta-CDN-window2,objects,warm10,0.05,19414,0.44514125,0.4495025,0.009702393201372714,0.004361250000000039,0.44514125,0.4495025
meta-CDN-window2,objects,warm10,0.1,38828,0.4310675,0.43183875,0.0017859675631239696,0.0007712500000000011,0.4310675,0.43183875
meta-CDN-window2,objects,warm10,0.2,77657,0.41648875,0.41547,-0.0024520422653862197,-0.0010187500000000127,0.41648875,0.41547
meta-CDN-window2,objects,warm10,0.4,155315,0.401965,0.4025775,0.0015214461811699866,0.0006124999999999603,0.401965,0.4025775
meta-CDN-window2,objects,warm20,0.001,388,0.5331575,0.53088125,-0.00428768203812054,-0.0022762499999999797,0.5331575,0.53088125
meta-CDN-window2,objects,warm20,0.005,1941,0.4942825,0.5024575,0.016270032788842814,0.008174999999999988,0.4942825,0.5024575
meta-CDN-window2,objects,warm20,0.01,3882,0.47826875,0.4882625,0.02046798597066121,0.009993749999999968,0.47826875,0.4882625
meta-CDN-window2,objects,warm20,0.02,7765,0.46338875,0.4722025,0.01866519131093124,0.008813750000000009,0.46338875,0.4722025
meta-CDN-window2,objects,warm20,0.05,19414,0.44520875,0.4495025,0.009552227184498507,0.004293750000000041,0.44520875,0.4495025
meta-CDN-window2,objects,warm20,0.1,38828,0.43189875,0.43183875,-0.0001389407504537388,-6.0000000000004494e-05,0.43189875,0.43183875
meta-CDN-window2,objects,warm20,0.2,77657,0.4177975,0.41487375,-0.007047324637916964,-0.0029237500000000027,0.4177975,0.41487375
meta-CDN-window2,objects,warm20,0.4,155315,0.3997175,0.40047125,0.0018821575830974071,0.0007537499999999975,0.3997175,0.40047125
meta-CDN-window2,bytes,cold,0.001,6271753921,0.53362125,0.52909,-0.008564232928235457,-0.004531250000000098,0.3460915496,0.3473992419
meta-CDN-window2,bytes,cold,0.005,31358769605,0.5030725,0.49891375,-0.008335609110793287,-0.004158750000000044,0.2994672587,0.3000621146
meta-CDN-window2,bytes,cold,0.01,62717539210,0.4870675,0.4841475,-0.006031219824536899,-0.002919999999999978,0.2960105597,0.2959300972
meta-CDN-window2,bytes,cold,0.02,125435078421,0.47073375,0.4677225,-0.006438112342254266,-0.003011250000000021,0.2915444991,0.2907952043
meta-CDN-window2,bytes,cold,0.05,313587696054,0.45188625,0.44611,-0.01294803972114497,-0.005776249999999983,0.285914729,0.2852067688
meta-CDN-window2,bytes,cold,0.1,627175392108,0.43689125,0.430595,-0.014622208804096664,-0.006296250000000003,0.2813991949,0.2799953054
meta-CDN-window2,bytes,cold,0.2,1254350784216,0.42381,0.41714375,-0.01598070209610006,-0.00666625000000004,0.2768729392,0.2768908737
meta-CDN-window2,bytes,cold,0.4,2508701568432,0.41187,0.40703625,-0.011875477921192586,-0.0048337500000000255,0.2733351316,0.2738889288
meta-CDN-window2,bytes,warm10,0.001,6271753921,0.53356875,0.5290725,-0.008498362700764244,-0.0044962500000000905,0.3460061141,0.3473842467
meta-CDN-window2,bytes,warm10,0.005,31358769605,0.50302125,0.49880625,-0.008450174792316594,-0.004214999999999969,0.2994425426,0.3000345459
meta-CDN-window2,bytes,warm10,0.01,62717539210,0.48652625,0.4838375,-0.005557134368460522,-0.0026887500000000175,0.2959643025,0.2958804267
meta-CDN-window2,bytes,warm10,0.02,125435078421,0.46983375,0.46705125,-0.005957590307273605,-0.002782500000000021,0.2913744981,0.2907172681
meta-CDN-window2,bytes,warm10,0.05,313587696054,0.44952125,0.44456875,-0.01114000927865481,-0.004952499999999971,0.2859625796,0.2847430346
meta-CDN-window2,bytes,warm10,0.1,627175392108,0.4335675,0.42767625,-0.01377502257841069,-0.0058912500000000145,0.2800098497,0.2789004313
meta-CDN-window2,bytes,warm10,0.2,1254350784216,0.4193025,0.412495,-0.01650323034218602,-0.006807500000000022,0.2754216401,0.2753966158
meta-CDN-window2,bytes,warm10,0.4,2508701568432,0.4064175,0.40041375,-0.01499386572014566,-0.006003749999999974,0.2714228657,0.2717226897
meta-CDN-window2,bytes,warm20,0.001,6271753921,0.53356875,0.5290725,-0.008498362700764244,-0.0044962500000000905,0.3460061141,0.3473842467
meta-CDN-window2,bytes,warm20,0.005,31358769605,0.50302125,0.49880625,-0.008450174792316594,-0.004214999999999969,0.2994425426,0.3000345459
meta-CDN-window2,bytes,warm20,0.01,62717539210,0.48639,0.4838375,-0.0052755315575994275,-0.002552500000000013,0.2954493431,0.2958804267
meta-CDN-window2,bytes,warm20,0.02,125435078421,0.46976125,0.46705125,-0.005802361089923313,-0.0027100000000000457,0.2916648397,0.2907172681
meta-CDN-window2,bytes,warm20,0.05,313587696054,0.44899125,0.44456875,-0.00994784271274127,-0.004422499999999996,0.2853906696,0.2847430346
meta-CDN-window2,bytes,warm20,0.1,627175392108,0.43428125,0.42769,-0.01541127919754961,-0.006591249999999993,0.2809465148,0.2789123555
meta-CDN-window2,bytes,warm20,0.2,1254350784216,0.4178725,0.411555,-0.015350317697513032,-0.006317499999999976,0.2756408504,0.2753285022
meta-CDN-window2,bytes,warm20,0.4,2508701568432,0.40509625,0.39798625,-0.017864938801277697,-0.007110000000000005,0.2704514758,0.2712968241
meta-CDN-window3,objects,cold,0.001,412,0.54561,0.54709625,0.00271661522081336,0.0014862499999999113,0.54561,0.54709625
meta-CDN-window3,objects,cold,0.005,2063,0.50733875,0.51665,0.01802235555985697,0.009311250000000104,0.50733875,0.51665
meta-CDN-window3,objects,cold,0.01,4126,0.49077,0.50166625,0.021720117707738955,0.010896249999999996,0.49077,0.50166625
meta-CDN-window3,objects,cold,0.02,8252,0.47609375,0.48521625,0.018800895477016757,0.009122500000000033,0.47609375,0.48521625
meta-CDN-window3,objects,cold,0.05,20631,0.45799875,0.46371,0.012316426214660026,0.005711250000000001,0.45799875,0.46371
meta-CDN-window3,objects,cold,0.1,41263,0.4454975,0.44823375,0.006104515779992015,0.0027362499999999956,0.4454975,0.44823375
meta-CDN-window3,objects,cold,0.2,82527,0.43340875,0.43489375,0.003414627135938408,0.001485000000000014,0.43340875,0.43489375
meta-CDN-window3,objects,cold,0.4,165055,0.4233,0.42362875,0.0007760332602543826,0.0003287499999999888,0.4233,0.42362875
meta-CDN-window3,objects,warm10,0.001,412,0.5457775,0.54707125,0.0023648656367885944,0.0012937499999999824,0.5457775,0.54707125
meta-CDN-window3,objects,warm10,0.005,2063,0.506655,0.51656875,0.01919154033224049,0.009913750000000054,0.506655,0.51656875
meta-CDN-window3,objects,warm10,0.01,4126,0.48985,0.5014975,0.023225439807775774,0.011647500000000033,0.48985,0.5014975
meta-CDN-window3,objects,warm10,0.02,8252,0.4746875,0.48479875,0.02085659255515823,0.010111250000000016,0.4746875,0.48479875
meta-CDN-window3,objects,warm10,0.05,20631,0.45541,0.46253875,0.015412222219219507,0.007128750000000017,0.45541,0.46253875
meta-CDN-window3,objects,warm10,0.1,41263,0.442595,0.44583625,0.007270045896895942,0.0032412499999999733,0.442595,0.44583625
meta-CDN-window3,objects,warm10,0.2,82527,0.42906,0.43044125,0.003208916431684929,0.0013812500000000005,0.42906,0.43044125
meta-CDN-window3,objects,warm10,0.4,165055,0.4163925,0.41699625,0.0014478547468952394,0.000603750000000014,0.4163925,0.41699625
meta-CDN-window3,objects,warm20,0.001,412,0.54559125,0.54707125,0.0027053148927128536,0.0014800000000000368,0.54559125,0.54707125
meta-CDN-window3,objects,warm20,0.005,2063,0.50635625,0.51656875,0.01976987574258038,0.010212500000000069,0.50635625,0.51656875
meta-CDN-window3,objects,warm20,0.01,4126,0.489715,0.5014975,0.023494633572450567,0.011782500000000029,0.489715,0.5014975
meta-CDN-window3,objects,warm20,0.02,8252,0.47435,0.48479875,0.02155275771647515,0.010448750000000007,0.47435,0.48479875
meta-CDN-window3,objects,warm20,0.05,20631,0.45517875,0.46253875,0.0159121803308371,0.007359999999999978,0.45517875,0.46253875
meta-CDN-window3,objects,warm20,0.1,41263,0.44221375,0.44583625,0.008125180489473372,0.003622499999999973,0.44221375,0.44583625
meta-CDN-window3,objects,warm20,0.2,82527,0.428775,0.42984125,0.0024805669534973453,0.0010662499999999908,0.428775,0.42984125
meta-CDN-window3,objects,warm20,0.4,165055,0.41326,0.41425375,0.0023988919834762147,0.00099374999999996,0.41326,0.41425375
meta-CDN-window3,bytes,cold,0.001,7401067930,0.54838,0.54506875,-0.006074921741523409,-0.003311249999999988,0.2597543939,0.2610762738
meta-CDN-window3,bytes,cold,0.005,37005339650,0.51619,0.51288125,-0.006451298424343028,-0.0033087500000000825,0.2282397205,0.2281959719
meta-CDN-window3,bytes,cold,0.01,74010679300,0.49925,0.49696125,-0.004605489864652437,-0.002288750000000006,0.2237803124,0.2238042756
meta-CDN-window3,bytes,cold,0.02,148021358600,0.48246375,0.4805275,-0.004029425995390541,-0.0019362500000000282,0.2209788747,0.2206155916
meta-CDN-window3,bytes,cold,0.05,370053396500,0.4624725,0.45934625,-0.0068058681223586714,-0.003126249999999997,0.2152982892,0.2153034104
meta-CDN-window3,bytes,cold,0.1,740106793000,0.4493,0.44466875,-0.010415056151348561,-0.004631249999999976,0.2114608776,0.2107751922
meta-CDN-window3,bytes,cold,0.2,1480213586000,0.43676875,0.4321475,-0.010693686762042973,-0.004621249999999966,0.2078027026,0.2077840437
meta-CDN-window3,bytes,cold,0.4,2960427172001,0.4256175,0.4219925,-0.0085902000627973,-0.0036249999999999893,0.2043695839,0.2021607514
meta-CDN-window3,bytes,warm10,0.001,7401067930,0.5483775,0.54503125,-0.006139556218106751,-0.003346249999999995,0.2597525559,0.2610719019
meta-CDN-window3,bytes,warm10,0.005,37005339650,0.51584875,0.51277875,-0.005986987565299883,-0.003070000000000017,0.2278654693,0.2281885337
meta-CDN-window3,bytes,warm10,0.01,74010679300,0.49898625,0.496745,-0.004511872288598834,-0.002241250000000028,0.2237708673,0.2237933036
meta-CDN-window3,bytes,warm10,0.02,148021358600,0.48198375,0.4799975,-0.004138042385637357,-0.001986249999999967,0.2200530452,0.2205953441
meta-CDN-window3,bytes,warm10,0.05,370053396500,0.46085,0.45795625,-0.006318835041556858,-0.0028937499999999727,0.2150026807,0.2150295977
meta-CDN-window3,bytes,warm10,0.1,740106793000,0.44581375,0.4417025,-0.009307735410145993,-0.004111250000000011,0.2119880882,0.2102633261
meta-CDN-window3,bytes,warm10,0.2,1480213586000,0.43292125,0.42701625,-0.01382851355188472,-0.005904999999999994,0.2076005607,0.2068333813
meta-CDN-window3,bytes,warm10,0.4,2960427172001,0.4205375,0.41466875,-0.014152862977979493,-0.005868750000000034,0.2027850327,0.1999505488
meta-CDN-window3,bytes,warm20,0.001,7401067930,0.5483775,0.54503125,-0.006139556218106751,-0.003346249999999995,0.2597525559,0.2610719019
meta-CDN-window3,bytes,warm20,0.005,37005339650,0.51616375,0.51277875,-0.006601287592358464,-0.0033850000000000824,0.2280847592,0.2281885337
meta-CDN-window3,bytes,warm20,0.01,74010679300,0.49894625,0.496745,-0.00443134807597457,-0.002201249999999988,0.2237682308,0.2237933036
meta-CDN-window3,bytes,warm20,0.02,148021358600,0.48200375,0.4799975,-0.004179709269319085,-0.002006249999999987,0.2207293469,0.2205953441
meta-CDN-window3,bytes,warm20,0.05,370053396500,0.4606875,0.45797125,-0.005931049165204216,-0.002716250000000031,0.2144899996,0.2150296894
meta-CDN-window3,bytes,warm20,0.1,740106793000,0.4463,0.44171375,-0.010382855412583282,-0.004586249999999958,0.2112491064,0.2102638003
meta-CDN-window3,bytes,warm20,0.2,1480213586000,0.4327425,0.4259975,-0.015833426252501486,-0.006745000000000001,0.2077793973,0.2065536359
meta-CDN-window3,bytes,warm20,0.4,2960427172001,0.4192075,0.4113425,-0.0191203194418277,-0.007865000000000011,0.2027673087,0.199361888
